<?xml version="1.0" encoding="utf-8"?>
<install version="1.5" type="plugin" group="system">
	<name>System - Modal Popup Content</name>
	<author>DoJoomla</author>
	<creationDate>October 2008</creationDate>
	<copyright>Copyright (C) 2008 dojoomla.com All rights reserved.</copyright>
	<license>http://www.gnu.org/licenses/gpl-2.0.html GNU/GPL</license>
	<authorEmail>info@dojoomla.com</authorEmail>
	<authorUrl>www.dojoomla.com</authorUrl>
	<version>1.0</version>
	<description>Modal Popup Content</description>
	<files>
		<filename plugin="mpcontent">mpcontent.php</filename>
	</files>
	<params>
		<param name="mpc_content" type="text" default="" label="Content ID" description="Enter the content ID to display in the modal popup window" />
		<param name="mpc_width" type="text" default="500" label="Width" description="Set the width (in pixels) of the modal popup window" />
		<param name="mpc_height" type="text" default="500" label="Height" description="Set the height (in pixels) of the modal popup window" />
		<param name="mpc_where" type="list" default="0" label="Display" description="Where the modal popup window will be displayed">
			<option value="0">Front-End</option>
			<option value="1">Back-End</option>
			<option value="2">Front and Back</option>
		</param>
		<param name="mpc_freq" type="list" default="1" label="Frequency" description="How often the modal popup window will be displayed">
			<option value="0">Every page load</option>
			<option value="1">Once per session</option>
			<option value="2">Only once</option>
		</param>
	</params>
</install>
